{"cameraMode":{"drawMode":0,"name":"Shaded","section":"Shading Mode"},"sceneLighting":true,"audioPlay":false,"sceneViewState":{"m_AlwaysRefresh":false,"showFog":true,"showSkybox":true,"showFlares":true,"showImageEffects":true,"showParticleSystems":true,"showVisualEffectGraphs":true,"m_FxEnabled":true},"in2DMode":false,"pivot":{"x":-10.737865447998047,"y":-6.372317314147949,"z":-14.23564624786377},"rotation":{"x":0.23600846529006959,"y":-0.31243404746055605,"z":0.08044354617595673,"w":0.9166325926780701},"size":12.850306510925293,"orthographic":false}