{"cameraMode":{"drawMode":0,"name":"Shaded","section":"Shading Mode"},"sceneLighting":true,"audioPlay":false,"sceneViewState":{"m_AlwaysRefresh":false,"showFog":true,"showSkybox":true,"showFlares":true,"showImageEffects":true,"showParticleSystems":true,"showVisualEffectGraphs":true,"m_FxEnabled":true},"in2DMode":false,"pivot":{"x":2.8037497997283937,"y":4.151605606079102,"z":-3.8799028396606447},"rotation":{"x":0.24205806851387025,"y":0.010187486186623574,"z":-0.002541606780141592,"w":0.9702056646347046},"size":1.2269277572631837,"orthographic":false}