{"cameraMode":{"drawMode":0,"name":"Shaded","section":"Shading Mode"},"sceneLighting":false,"audioPlay":false,"sceneViewState":{"m_AlwaysRefresh":false,"showFog":false,"showSkybox":false,"showFlares":false,"showImageEffects":false,"showParticleSystems":false,"showVisualEffectGraphs":true,"m_FxEnabled":true},"in2DMode":false,"pivot":{"x":-1.3054554462432862,"y":-0.48995476961135867,"z":0.2849440574645996},"rotation":{"x":0.08831793069839478,"y":-0.5998790860176086,"z":0.06686136871576309,"w":0.7923864126205444},"size":1.8707011938095093,"orthographic":false}